ID,Họ và tên,Năm sinh,Địa chỉ,Số điện thoại,Chức vụ
1,Nguyễn Văn An,03/15/1985,123 Phường Phú Thượng Quận Tây Hồ Hà Nội,0812345678,Nhân viên
2,Trần Thị Bình,07/22/1990,456 Phường Bến Nghé Quận 1 Hồ Chí Minh,0834567890,Nhân viên
3,Phạm Văn Cường,11/30/1988,789 Phường Hòa Cường Nam Quận Hải Châu Đà Nẵng,0831234567,Nhân viên
4,Lê Thị Dung,05/10/1992,101 Phường Trại Cau Quận Lê Chân Hải Phòng,0834561234,Nhân viên
5,Vũ Văn Nguyên,01/25/1983,234 Phường An Hòa Quận Ninh Kiều Cần Thơ,0823456789,Nhân viên
6,Nguyễn Thị Hương,12/10/1995,345 Phường Tân Định Quận 1 Hồ Chí Minh,0832345678,Nhân viên
7,Hoàng Văn Giang,08/05/1986,678 Phường Cát Linh Quận Đống Đa Hà Nội,0823456789,Nhân viên
8,Ngô Thị Hạnh,02/14/1992,234 Phường Mỹ An Quận Ngũ Hành Sơn Đà Nẵng,0836789012,Nhân viên
9,Đỗ Văn Hoàng,09/11/1984,567 Phường Quang Trung Quận Hà Đông Hà Nội,0837890123,Nhân viên
10,Lê Văn Hải,06/18/1987,789 Phường 12 Quận Tân Bình Hồ Chí Minh,0824567890,Nhân viên
11,Vũ Thị Khánh,04/22/1991,101 Phường Vĩnh Tuy Quận Hai Bà Trưng Hà Nội,0813456789,Nhân viên
12,Phan Văn Lâm,01/30/1989,345 Phường Thạch Bàn Quận Long Biên Hà Nội,0821234567,Nhân viên
13,Trương Thị Mai,07/14/1990,678 Phường Bình Thạnh Quận Bình Thạnh Hồ Chí Minh,0831234567,Nhân viên
14,Nguyễn Văn Nam,03/20/1985,234 Phường Nguyễn Cư Trinh Quận 1 Hồ Chí Minh,0823456789,Nhân viên
15,Trần Văn Oanh,11/08/1986,567 Phường Khê Trung Quận Cẩm Lệ Đà Nẵng,0835678901,Nhân viên
16,Phạm Thị Phương,08/25/1993,789 Phường Hoàng Liệt Quận Hoàng Mai Hà Nội,0836789012,Nhân viên
17,Lê Văn Quang,10/05/1984,101 Phường Mai Dịch Quận Cầu Giấy Hà Nội,0823456789,Nhân viên
18,Nguyễn Thị Hạnh,06/14/1991,234 Phường Tân Quy Quận 7 Hồ Chí Minh,0834561234,Nhân viên
19,Trần Văn Sơn,04/20/1988,567 Phường An Phú Quận 2 Hồ Chí Minh,0823456789,Nhân viên
20,Vũ Thị Thủy,12/11/1992,789 Phường Vinh Hoa Quận Ninh Kiều Cần Thơ,0836789012,Nhân viên
21,Phan Thị Uyên,07/25/1985,345 Phường Đường Noi Quận Hoài Đức Hà Nội,0821234567,Nhân viên
22,Nguyễn Văn Vinh,03/14/1990,678 Phường Phú Thượng Quận Tây Hồ Hà Nội,0812345678,Nhân viên
23,Trần Thị Xuân,05/10/1987,789 Phường Tân Bình Quận 5 Hồ Chí Minh,0832345678,Nhân viên
24,Lê Văn Y,01/20/1984,123 Phường Mỹ An Quận Ngũ Hành Sơn Đà Nẵng,0823456789,Nhân viên
25,Nguyễn Thị Yến,08/22/1993,456 Phường Tân Phú Quận Tân Phú Hồ Chí Minh,0834567890,Nhân viên
26,Hoàng Văn Z,02/05/1986,789 Phường Bảo Sơn Quận Hải Châu Đà Nẵng,0831234567,Nhân viên
27,Đỗ Thị Ái,11/15/1989,101 Phường Thanh Xuân Quận Thanh Xuân Hà Nội,0826789012,Nhân viên
28,Trương Văn Bình,06/30/1992,234 Phường Vĩnh Tuy Quận Hai Bà Trưng Hà Nội,0834561234,Nhân viên
29,Vũ Thị Cẩm,10/20/1988,567 Phường An Hòa Quận Ninh Kiều Cần Thơ,0823456789,Nhân viên
30,Nguyễn Thị Diễm,04/15/1991,789 Phường Tân Dinh Quận 1 Hồ Chí Minh,0836789012,Nhân viên
