-- phpMyAdmin SQL Dump
-- version 5.2.1
-- https://www.phpmyadmin.net/
--
-- Máy chủ: 127.0.0.1
-- Thời gian đã tạo: Th7 31, 2024 lúc 11:56 AM
-- Phiên bản máy phục vụ: 10.4.32-MariaDB
-- Phiên bản PHP: 8.2.12

SET SQL_MODE = "NO_AUTO_VALUE_ON_ZERO";
START TRANSACTION;
SET time_zone = "+00:00";


/*!40101 SET @OLD_CHARACTER_SET_CLIENT=@@CHARACTER_SET_CLIENT */;
/*!40101 SET @OLD_CHARACTER_SET_RESULTS=@@CHARACTER_SET_RESULTS */;
/*!40101 SET @OLD_COLLATION_CONNECTION=@@COLLATION_CONNECTION */;
/*!40101 SET NAMES utf8mb4 */;

--
-- Cơ sở dữ liệu: `qlnv`
--

-- --------------------------------------------------------

--
-- Cấu trúc bảng cho bảng `chamcong`
--

CREATE TABLE `chamcong` (
  `id` int(50) NOT NULL,
  `id_nhanvien` int(11) NOT NULL,
  `ngay` date NOT NULL,
  `giolam` int(2) NOT NULL
) ENGINE=InnoDB DEFAULT CHARSET=utf8mb4 COLLATE=utf8mb4_general_ci;

--
-- Đang đổ dữ liệu cho bảng `chamcong`
--

INSERT INTO `chamcong` (`id`, `id_nhanvien`, `ngay`, `giolam`) VALUES
(33, 1039454493, '2024-06-01', 0),
(34, 1238495668, '2024-06-01', 0),
(35, 1243323445, '2024-06-01', 0),
(36, 1253849302, '2024-06-01', 0),
(37, 1263274382, '2024-06-01', 0),
(38, 1332938456, '2024-06-01', 0),
(39, 1345950123, '2024-06-01', 0),
(40, 1443948506, '2024-06-01', 0),
(41, 1483744952, '2024-06-01', 0),
(42, 1485948695, '2024-06-01', 0),
(43, 1748324943, '2024-06-01', 0),
(44, 1859453203, '2024-06-01', 0),
(45, 1920231931, '2024-06-01', 0),
(46, 1933594834, '2024-06-01', 0),
(47, 1937485732, '2024-06-01', 0),
(48, 1938475932, '2024-06-01', 0),
(49, 1947583933, '2024-06-01', 0),
(50, 1948374823, '2024-06-01', 0),
(51, 1948573029, '2024-06-01', 0),
(52, 1039454493, '2024-07-01', 9),
(53, 1238495668, '2024-07-01', 0),
(54, 1243323445, '2024-07-01', 0),
(55, 1253849302, '2024-07-01', 0),
(56, 1263274382, '2024-07-01', 0),
(57, 1332938456, '2024-07-01', 0),
(58, 1345950123, '2024-07-01', 0),
(59, 1443948506, '2024-07-01', 0),
(60, 1483744952, '2024-07-01', 0),
(61, 1485948695, '2024-07-01', 0),
(62, 1748324943, '2024-07-01', 0),
(63, 1859453203, '2024-07-01', 0),
(64, 1920231931, '2024-07-01', 0),
(65, 1933594834, '2024-07-01', 0),
(66, 1937485732, '2024-07-01', 0),
(67, 1938475932, '2024-07-01', 0),
(68, 1947583933, '2024-07-01', 0),
(69, 1948374823, '2024-07-01', 0),
(70, 1948573029, '2024-07-01', 0),
(71, 1039454493, '2024-07-02', 0),
(72, 1039454493, '2024-07-03', 0),
(73, 1039454493, '2024-07-04', 0),
(74, 1039454493, '2024-07-05', 0),
(75, 1039454493, '2024-07-06', 0),
(76, 1039454493, '2024-07-07', 0),
(77, 1039454493, '2024-07-08', 0),
(78, 1039454493, '2024-07-09', 0),
(79, 1039454493, '2024-07-10', 0),
(80, 1039454493, '2024-07-11', 0),
(81, 1039454493, '2024-07-12', 0),
(82, 1039454493, '2024-07-13', 0),
(83, 1039454493, '2024-07-14', 0),
(84, 1039454493, '2024-07-15', 0),
(85, 1039454493, '2024-07-16', 0),
(86, 1039454493, '2024-07-17', 0),
(87, 1039454493, '2024-07-18', 0),
(88, 1039454493, '2024-07-19', 0),
(89, 1039454493, '2024-07-20', 0),
(90, 1039454493, '2024-07-21', 0),
(91, 1039454493, '2024-07-22', 0),
(92, 1039454493, '2024-07-23', 0),
(93, 1039454493, '2024-07-24', 0),
(94, 1039454493, '2024-07-25', 0),
(95, 1039454493, '2024-07-26', 0),
(96, 1039454493, '2024-07-27', 0),
(97, 1039454493, '2024-07-28', 0),
(98, 1039454493, '2024-07-29', 0),
(99, 1039454493, '2024-07-30', 0),
(100, 1039454493, '2024-07-31', 0),
(101, 1238495668, '2024-07-02', 0),
(102, 1238495668, '2024-07-03', 0),
(103, 1238495668, '2024-07-04', 0),
(104, 1238495668, '2024-07-05', 0),
(105, 1238495668, '2024-07-06', 0),
(106, 1238495668, '2024-07-07', 0),
(107, 1238495668, '2024-07-08', 0),
(108, 1238495668, '2024-07-09', 0),
(109, 1238495668, '2024-07-10', 0),
(110, 1238495668, '2024-07-11', 0),
(111, 1238495668, '2024-07-12', 0),
(112, 1238495668, '2024-07-13', 0),
(113, 1238495668, '2024-07-14', 0),
(114, 1238495668, '2024-07-15', 0),
(115, 1238495668, '2024-07-16', 0),
(116, 1238495668, '2024-07-17', 0),
(117, 1238495668, '2024-07-18', 0),
(118, 1238495668, '2024-07-19', 0),
(119, 1238495668, '2024-07-20', 0),
(120, 1238495668, '2024-07-21', 0),
(121, 1238495668, '2024-07-22', 0),
(122, 1238495668, '2024-07-23', 0),
(123, 1238495668, '2024-07-24', 0),
(124, 1238495668, '2024-07-25', 0),
(125, 1238495668, '2024-07-26', 0),
(126, 1238495668, '2024-07-27', 0),
(127, 1238495668, '2024-07-28', 0),
(128, 1238495668, '2024-07-29', 0),
(129, 1238495668, '2024-07-30', 0),
(130, 1238495668, '2024-07-31', 0),
(131, 1243323445, '2024-07-02', 0),
(132, 1243323445, '2024-07-03', 0),
(133, 1243323445, '2024-07-04', 0),
(134, 1243323445, '2024-07-05', 0),
(135, 1243323445, '2024-07-06', 0),
(136, 1243323445, '2024-07-07', 0),
(137, 1243323445, '2024-07-08', 0),
(138, 1243323445, '2024-07-09', 0),
(139, 1243323445, '2024-07-10', 0),
(140, 1243323445, '2024-07-11', 0),
(141, 1243323445, '2024-07-12', 0),
(142, 1243323445, '2024-07-13', 0),
(143, 1243323445, '2024-07-14', 0),
(144, 1243323445, '2024-07-15', 0),
(145, 1243323445, '2024-07-16', 0),
(146, 1243323445, '2024-07-17', 0),
(147, 1243323445, '2024-07-18', 0),
(148, 1243323445, '2024-07-19', 0),
(149, 1243323445, '2024-07-20', 0),
(150, 1243323445, '2024-07-21', 0),
(151, 1243323445, '2024-07-22', 0),
(152, 1243323445, '2024-07-23', 0),
(153, 1243323445, '2024-07-24', 0),
(154, 1243323445, '2024-07-25', 0),
(155, 1243323445, '2024-07-26', 0),
(156, 1243323445, '2024-07-27', 0),
(157, 1243323445, '2024-07-28', 0),
(158, 1243323445, '2024-07-29', 0),
(159, 1243323445, '2024-07-30', 0),
(160, 1243323445, '2024-07-31', 0),
(161, 1253849302, '2024-07-02', 0),
(162, 1253849302, '2024-07-03', 0),
(163, 1253849302, '2024-07-04', 0),
(164, 1253849302, '2024-07-05', 0),
(165, 1253849302, '2024-07-06', 0),
(166, 1253849302, '2024-07-07', 0),
(167, 1253849302, '2024-07-08', 0),
(168, 1253849302, '2024-07-09', 0),
(169, 1253849302, '2024-07-10', 0),
(170, 1253849302, '2024-07-11', 0),
(171, 1253849302, '2024-07-12', 0),
(172, 1253849302, '2024-07-13', 0),
(173, 1253849302, '2024-07-14', 0),
(174, 1253849302, '2024-07-15', 0),
(175, 1253849302, '2024-07-16', 0),
(176, 1253849302, '2024-07-17', 0),
(177, 1253849302, '2024-07-18', 0),
(178, 1253849302, '2024-07-19', 0),
(179, 1253849302, '2024-07-20', 0),
(180, 1253849302, '2024-07-21', 0),
(181, 1253849302, '2024-07-22', 0),
(182, 1253849302, '2024-07-23', 0),
(183, 1253849302, '2024-07-24', 0),
(184, 1253849302, '2024-07-25', 0),
(185, 1253849302, '2024-07-26', 0),
(186, 1253849302, '2024-07-27', 0),
(187, 1253849302, '2024-07-28', 0),
(188, 1253849302, '2024-07-29', 0),
(189, 1253849302, '2024-07-30', 0),
(190, 1253849302, '2024-07-31', 0),
(191, 1263274382, '2024-07-02', 0),
(192, 1263274382, '2024-07-03', 0),
(193, 1263274382, '2024-07-04', 0),
(194, 1263274382, '2024-07-05', 0),
(195, 1263274382, '2024-07-06', 0),
(196, 1263274382, '2024-07-07', 0),
(197, 1263274382, '2024-07-08', 0),
(198, 1263274382, '2024-07-09', 0),
(199, 1263274382, '2024-07-10', 0),
(200, 1263274382, '2024-07-11', 0),
(201, 1263274382, '2024-07-12', 0),
(202, 1263274382, '2024-07-13', 0),
(203, 1263274382, '2024-07-14', 0),
(204, 1263274382, '2024-07-15', 0),
(205, 1263274382, '2024-07-16', 0),
(206, 1263274382, '2024-07-17', 0),
(207, 1263274382, '2024-07-18', 0),
(208, 1263274382, '2024-07-19', 0),
(209, 1263274382, '2024-07-20', 0),
(210, 1263274382, '2024-07-21', 0),
(211, 1263274382, '2024-07-22', 0),
(212, 1263274382, '2024-07-23', 0),
(213, 1263274382, '2024-07-24', 0),
(214, 1263274382, '2024-07-25', 0),
(215, 1263274382, '2024-07-26', 0),
(216, 1263274382, '2024-07-27', 0),
(217, 1263274382, '2024-07-28', 0),
(218, 1263274382, '2024-07-29', 0),
(219, 1263274382, '2024-07-30', 0),
(220, 1263274382, '2024-07-31', 0),
(221, 1332938456, '2024-07-02', 0),
(222, 1332938456, '2024-07-03', 0),
(223, 1332938456, '2024-07-04', 0),
(224, 1332938456, '2024-07-05', 0),
(225, 1332938456, '2024-07-06', 0),
(226, 1332938456, '2024-07-07', 0),
(227, 1332938456, '2024-07-08', 0),
(228, 1332938456, '2024-07-09', 0),
(229, 1332938456, '2024-07-10', 0),
(230, 1332938456, '2024-07-11', 0),
(231, 1332938456, '2024-07-12', 0),
(232, 1332938456, '2024-07-13', 0),
(233, 1332938456, '2024-07-14', 0),
(234, 1332938456, '2024-07-15', 0),
(235, 1332938456, '2024-07-16', 0),
(236, 1332938456, '2024-07-17', 0),
(237, 1332938456, '2024-07-18', 0),
(238, 1332938456, '2024-07-19', 0),
(239, 1332938456, '2024-07-20', 0),
(240, 1332938456, '2024-07-21', 0),
(241, 1332938456, '2024-07-22', 0),
(242, 1332938456, '2024-07-23', 0),
(243, 1332938456, '2024-07-24', 0),
(244, 1332938456, '2024-07-25', 0),
(245, 1332938456, '2024-07-26', 0),
(246, 1332938456, '2024-07-27', 0),
(247, 1332938456, '2024-07-28', 0),
(248, 1332938456, '2024-07-29', 0),
(249, 1332938456, '2024-07-30', 0),
(250, 1332938456, '2024-07-31', 0),
(251, 1345950123, '2024-07-02', 0),
(252, 1345950123, '2024-07-03', 0),
(253, 1345950123, '2024-07-04', 0),
(254, 1345950123, '2024-07-05', 0),
(255, 1345950123, '2024-07-06', 0),
(256, 1345950123, '2024-07-07', 0),
(257, 1345950123, '2024-07-08', 0),
(258, 1345950123, '2024-07-09', 0),
(259, 1345950123, '2024-07-10', 0),
(260, 1345950123, '2024-07-11', 0),
(261, 1345950123, '2024-07-12', 0),
(262, 1345950123, '2024-07-13', 0),
(263, 1345950123, '2024-07-14', 0),
(264, 1345950123, '2024-07-15', 0),
(265, 1345950123, '2024-07-16', 0),
(266, 1345950123, '2024-07-17', 0),
(267, 1345950123, '2024-07-18', 0),
(268, 1345950123, '2024-07-19', 0),
(269, 1345950123, '2024-07-20', 0),
(270, 1345950123, '2024-07-21', 0),
(271, 1345950123, '2024-07-22', 0),
(272, 1345950123, '2024-07-23', 0),
(273, 1345950123, '2024-07-24', 0),
(274, 1345950123, '2024-07-25', 0),
(275, 1345950123, '2024-07-26', 0),
(276, 1345950123, '2024-07-27', 0),
(277, 1345950123, '2024-07-28', 0),
(278, 1345950123, '2024-07-29', 0),
(279, 1345950123, '2024-07-30', 0),
(280, 1345950123, '2024-07-31', 0),
(281, 1443948506, '2024-07-02', 0),
(282, 1443948506, '2024-07-03', 0),
(283, 1443948506, '2024-07-04', 0),
(284, 1443948506, '2024-07-05', 0),
(285, 1443948506, '2024-07-06', 0),
(286, 1443948506, '2024-07-07', 0),
(287, 1443948506, '2024-07-08', 0),
(288, 1443948506, '2024-07-09', 0),
(289, 1443948506, '2024-07-10', 0),
(290, 1443948506, '2024-07-11', 0),
(291, 1443948506, '2024-07-12', 0),
(292, 1443948506, '2024-07-13', 0),
(293, 1443948506, '2024-07-14', 0),
(294, 1443948506, '2024-07-15', 0),
(295, 1443948506, '2024-07-16', 0),
(296, 1443948506, '2024-07-17', 0),
(297, 1443948506, '2024-07-18', 0),
(298, 1443948506, '2024-07-19', 0),
(299, 1443948506, '2024-07-20', 0),
(300, 1443948506, '2024-07-21', 0),
(301, 1443948506, '2024-07-22', 0),
(302, 1443948506, '2024-07-23', 0),
(303, 1443948506, '2024-07-24', 0),
(304, 1443948506, '2024-07-25', 0),
(305, 1443948506, '2024-07-26', 0),
(306, 1443948506, '2024-07-27', 0),
(307, 1443948506, '2024-07-28', 0),
(308, 1443948506, '2024-07-29', 0),
(309, 1443948506, '2024-07-30', 0),
(310, 1443948506, '2024-07-31', 0),
(311, 1483744952, '2024-07-02', 0),
(312, 1483744952, '2024-07-03', 0),
(313, 1483744952, '2024-07-04', 0),
(314, 1483744952, '2024-07-05', 0),
(315, 1483744952, '2024-07-06', 0),
(316, 1483744952, '2024-07-07', 0),
(317, 1483744952, '2024-07-08', 0),
(318, 1483744952, '2024-07-09', 0),
(319, 1483744952, '2024-07-10', 0),
(320, 1483744952, '2024-07-11', 0),
(321, 1483744952, '2024-07-12', 0),
(322, 1483744952, '2024-07-13', 0),
(323, 1483744952, '2024-07-14', 0),
(324, 1483744952, '2024-07-15', 0),
(325, 1483744952, '2024-07-16', 0),
(326, 1483744952, '2024-07-17', 0),
(327, 1483744952, '2024-07-18', 0),
(328, 1483744952, '2024-07-19', 0),
(329, 1483744952, '2024-07-20', 0),
(330, 1483744952, '2024-07-21', 0),
(331, 1483744952, '2024-07-22', 0),
(332, 1483744952, '2024-07-23', 0),
(333, 1483744952, '2024-07-24', 0),
(334, 1483744952, '2024-07-25', 0),
(335, 1483744952, '2024-07-26', 0),
(336, 1483744952, '2024-07-27', 0),
(337, 1483744952, '2024-07-28', 0),
(338, 1483744952, '2024-07-29', 0),
(339, 1483744952, '2024-07-30', 0),
(340, 1483744952, '2024-07-31', 0),
(341, 1485948695, '2024-07-02', 0),
(342, 1485948695, '2024-07-03', 0),
(343, 1485948695, '2024-07-04', 0),
(344, 1485948695, '2024-07-05', 0),
(345, 1485948695, '2024-07-06', 0),
(346, 1485948695, '2024-07-07', 0),
(347, 1485948695, '2024-07-08', 0),
(348, 1485948695, '2024-07-09', 0),
(349, 1485948695, '2024-07-10', 0),
(350, 1485948695, '2024-07-11', 0),
(351, 1485948695, '2024-07-12', 0),
(352, 1485948695, '2024-07-13', 0),
(353, 1485948695, '2024-07-14', 0),
(354, 1485948695, '2024-07-15', 0),
(355, 1485948695, '2024-07-16', 0),
(356, 1485948695, '2024-07-17', 0),
(357, 1485948695, '2024-07-18', 0),
(358, 1485948695, '2024-07-19', 0),
(359, 1485948695, '2024-07-20', 0),
(360, 1485948695, '2024-07-21', 0),
(361, 1485948695, '2024-07-22', 0),
(362, 1485948695, '2024-07-23', 0),
(363, 1485948695, '2024-07-24', 0),
(364, 1485948695, '2024-07-25', 0),
(365, 1485948695, '2024-07-26', 0),
(366, 1485948695, '2024-07-27', 0),
(367, 1485948695, '2024-07-28', 0),
(368, 1485948695, '2024-07-29', 0),
(369, 1485948695, '2024-07-30', 0),
(370, 1485948695, '2024-07-31', 0),
(371, 1748324943, '2024-07-02', 0),
(372, 1748324943, '2024-07-03', 0),
(373, 1748324943, '2024-07-04', 0),
(374, 1748324943, '2024-07-05', 0),
(375, 1748324943, '2024-07-06', 0),
(376, 1748324943, '2024-07-07', 0),
(377, 1748324943, '2024-07-08', 0),
(378, 1748324943, '2024-07-09', 0),
(379, 1748324943, '2024-07-10', 0),
(380, 1748324943, '2024-07-11', 0),
(381, 1748324943, '2024-07-12', 0),
(382, 1748324943, '2024-07-13', 0),
(383, 1748324943, '2024-07-14', 0),
(384, 1748324943, '2024-07-15', 0),
(385, 1748324943, '2024-07-16', 0),
(386, 1748324943, '2024-07-17', 0),
(387, 1748324943, '2024-07-18', 0),
(388, 1748324943, '2024-07-19', 0),
(389, 1748324943, '2024-07-20', 0),
(390, 1748324943, '2024-07-21', 0),
(391, 1748324943, '2024-07-22', 0),
(392, 1748324943, '2024-07-23', 0),
(393, 1748324943, '2024-07-24', 0),
(394, 1748324943, '2024-07-25', 0),
(395, 1748324943, '2024-07-26', 0),
(396, 1748324943, '2024-07-27', 0),
(397, 1748324943, '2024-07-28', 0),
(398, 1748324943, '2024-07-29', 0),
(399, 1748324943, '2024-07-30', 0),
(400, 1748324943, '2024-07-31', 0),
(401, 1859453203, '2024-07-02', 0),
(402, 1859453203, '2024-07-03', 0),
(403, 1859453203, '2024-07-04', 0),
(404, 1859453203, '2024-07-05', 0),
(405, 1859453203, '2024-07-06', 0),
(406, 1859453203, '2024-07-07', 0),
(407, 1859453203, '2024-07-08', 0),
(408, 1859453203, '2024-07-09', 0),
(409, 1859453203, '2024-07-10', 0),
(410, 1859453203, '2024-07-11', 0),
(411, 1859453203, '2024-07-12', 0),
(412, 1859453203, '2024-07-13', 0),
(413, 1859453203, '2024-07-14', 0),
(414, 1859453203, '2024-07-15', 0),
(415, 1859453203, '2024-07-16', 0),
(416, 1859453203, '2024-07-17', 0),
(417, 1859453203, '2024-07-18', 0),
(418, 1859453203, '2024-07-19', 0),
(419, 1859453203, '2024-07-20', 0),
(420, 1859453203, '2024-07-21', 0),
(421, 1859453203, '2024-07-22', 0),
(422, 1859453203, '2024-07-23', 0),
(423, 1859453203, '2024-07-24', 0),
(424, 1859453203, '2024-07-25', 0),
(425, 1859453203, '2024-07-26', 0),
(426, 1859453203, '2024-07-27', 0),
(427, 1859453203, '2024-07-28', 0),
(428, 1859453203, '2024-07-29', 0),
(429, 1859453203, '2024-07-30', 0),
(430, 1859453203, '2024-07-31', 0),
(431, 1920231931, '2024-07-02', 0),
(432, 1920231931, '2024-07-03', 0),
(433, 1920231931, '2024-07-04', 0),
(434, 1920231931, '2024-07-05', 0),
(435, 1920231931, '2024-07-06', 0),
(436, 1920231931, '2024-07-07', 0),
(437, 1920231931, '2024-07-08', 0),
(438, 1920231931, '2024-07-09', 0),
(439, 1920231931, '2024-07-10', 0),
(440, 1920231931, '2024-07-11', 0),
(441, 1920231931, '2024-07-12', 0),
(442, 1920231931, '2024-07-13', 0),
(443, 1920231931, '2024-07-14', 0),
(444, 1920231931, '2024-07-15', 0),
(445, 1920231931, '2024-07-16', 0),
(446, 1920231931, '2024-07-17', 0),
(447, 1920231931, '2024-07-18', 0),
(448, 1920231931, '2024-07-19', 0),
(449, 1920231931, '2024-07-20', 0),
(450, 1920231931, '2024-07-21', 0),
(451, 1920231931, '2024-07-22', 0),
(452, 1920231931, '2024-07-23', 0),
(453, 1920231931, '2024-07-24', 0),
(454, 1920231931, '2024-07-25', 0),
(455, 1920231931, '2024-07-26', 0),
(456, 1920231931, '2024-07-27', 0),
(457, 1920231931, '2024-07-28', 0),
(458, 1920231931, '2024-07-29', 0),
(459, 1920231931, '2024-07-30', 0),
(460, 1920231931, '2024-07-31', 0),
(461, 1933594834, '2024-07-02', 0),
(462, 1933594834, '2024-07-03', 0),
(463, 1933594834, '2024-07-04', 0),
(464, 1933594834, '2024-07-05', 0),
(465, 1933594834, '2024-07-06', 0),
(466, 1933594834, '2024-07-07', 0),
(467, 1933594834, '2024-07-08', 0),
(468, 1933594834, '2024-07-09', 0),
(469, 1933594834, '2024-07-10', 0),
(470, 1933594834, '2024-07-11', 0),
(471, 1933594834, '2024-07-12', 0),
(472, 1933594834, '2024-07-13', 0),
(473, 1933594834, '2024-07-14', 0),
(474, 1933594834, '2024-07-15', 0),
(475, 1933594834, '2024-07-16', 0),
(476, 1933594834, '2024-07-17', 0),
(477, 1933594834, '2024-07-18', 0),
(478, 1933594834, '2024-07-19', 0),
(479, 1933594834, '2024-07-20', 0),
(480, 1933594834, '2024-07-21', 0),
(481, 1933594834, '2024-07-22', 0),
(482, 1933594834, '2024-07-23', 0),
(483, 1933594834, '2024-07-24', 0),
(484, 1933594834, '2024-07-25', 0),
(485, 1933594834, '2024-07-26', 0),
(486, 1933594834, '2024-07-27', 0),
(487, 1933594834, '2024-07-28', 0),
(488, 1933594834, '2024-07-29', 0),
(489, 1933594834, '2024-07-30', 0),
(490, 1933594834, '2024-07-31', 0),
(491, 1937485732, '2024-07-02', 0),
(492, 1937485732, '2024-07-03', 0),
(493, 1937485732, '2024-07-04', 0),
(494, 1937485732, '2024-07-05', 0),
(495, 1937485732, '2024-07-06', 0),
(496, 1937485732, '2024-07-07', 0),
(497, 1937485732, '2024-07-08', 0),
(498, 1937485732, '2024-07-09', 0),
(499, 1937485732, '2024-07-10', 0),
(500, 1937485732, '2024-07-11', 0),
(501, 1937485732, '2024-07-12', 0),
(502, 1937485732, '2024-07-13', 0),
(503, 1937485732, '2024-07-14', 0),
(504, 1937485732, '2024-07-15', 0),
(505, 1937485732, '2024-07-16', 0),
(506, 1937485732, '2024-07-17', 0),
(507, 1937485732, '2024-07-18', 0),
(508, 1937485732, '2024-07-19', 0),
(509, 1937485732, '2024-07-20', 0),
(510, 1937485732, '2024-07-21', 0),
(511, 1937485732, '2024-07-22', 0),
(512, 1937485732, '2024-07-23', 0),
(513, 1937485732, '2024-07-24', 0),
(514, 1937485732, '2024-07-25', 0),
(515, 1937485732, '2024-07-26', 0),
(516, 1937485732, '2024-07-27', 0),
(517, 1937485732, '2024-07-28', 0),
(518, 1937485732, '2024-07-29', 0),
(519, 1937485732, '2024-07-30', 0),
(520, 1937485732, '2024-07-31', 0),
(521, 1938475932, '2024-07-02', 0),
(522, 1938475932, '2024-07-03', 0),
(523, 1938475932, '2024-07-04', 0),
(524, 1938475932, '2024-07-05', 0),
(525, 1938475932, '2024-07-06', 0),
(526, 1938475932, '2024-07-07', 0),
(527, 1938475932, '2024-07-08', 0),
(528, 1938475932, '2024-07-09', 0),
(529, 1938475932, '2024-07-10', 0),
(530, 1938475932, '2024-07-11', 0),
(531, 1938475932, '2024-07-12', 0),
(532, 1938475932, '2024-07-13', 0),
(533, 1938475932, '2024-07-14', 0),
(534, 1938475932, '2024-07-15', 0),
(535, 1938475932, '2024-07-16', 0),
(536, 1938475932, '2024-07-17', 0),
(537, 1938475932, '2024-07-18', 0),
(538, 1938475932, '2024-07-19', 0),
(539, 1938475932, '2024-07-20', 0),
(540, 1938475932, '2024-07-21', 0),
(541, 1938475932, '2024-07-22', 0),
(542, 1938475932, '2024-07-23', 0),
(543, 1938475932, '2024-07-24', 0),
(544, 1938475932, '2024-07-25', 0),
(545, 1938475932, '2024-07-26', 0),
(546, 1938475932, '2024-07-27', 0),
(547, 1938475932, '2024-07-28', 0),
(548, 1938475932, '2024-07-29', 0),
(549, 1938475932, '2024-07-30', 0),
(550, 1938475932, '2024-07-31', 0),
(551, 1947583933, '2024-07-02', 0),
(552, 1947583933, '2024-07-03', 0),
(553, 1947583933, '2024-07-04', 0),
(554, 1947583933, '2024-07-05', 0),
(555, 1947583933, '2024-07-06', 0),
(556, 1947583933, '2024-07-07', 0),
(557, 1947583933, '2024-07-08', 0),
(558, 1947583933, '2024-07-09', 0),
(559, 1947583933, '2024-07-10', 0),
(560, 1947583933, '2024-07-11', 0),
(561, 1947583933, '2024-07-12', 0),
(562, 1947583933, '2024-07-13', 0),
(563, 1947583933, '2024-07-14', 0),
(564, 1947583933, '2024-07-15', 0),
(565, 1947583933, '2024-07-16', 0),
(566, 1947583933, '2024-07-17', 0),
(567, 1947583933, '2024-07-18', 0),
(568, 1947583933, '2024-07-19', 0),
(569, 1947583933, '2024-07-20', 0),
(570, 1947583933, '2024-07-21', 0),
(571, 1947583933, '2024-07-22', 0),
(572, 1947583933, '2024-07-23', 0),
(573, 1947583933, '2024-07-24', 0),
(574, 1947583933, '2024-07-25', 0),
(575, 1947583933, '2024-07-26', 0),
(576, 1947583933, '2024-07-27', 0),
(577, 1947583933, '2024-07-28', 0),
(578, 1947583933, '2024-07-29', 0),
(579, 1947583933, '2024-07-30', 0),
(580, 1947583933, '2024-07-31', 0),
(581, 1948374823, '2024-07-02', 0),
(582, 1948374823, '2024-07-03', 0),
(583, 1948374823, '2024-07-04', 0),
(584, 1948374823, '2024-07-05', 0),
(585, 1948374823, '2024-07-06', 0),
(586, 1948374823, '2024-07-07', 0),
(587, 1948374823, '2024-07-08', 0),
(588, 1948374823, '2024-07-09', 0),
(589, 1948374823, '2024-07-10', 0),
(590, 1948374823, '2024-07-11', 0),
(591, 1948374823, '2024-07-12', 0),
(592, 1948374823, '2024-07-13', 0),
(593, 1948374823, '2024-07-14', 0),
(594, 1948374823, '2024-07-15', 0),
(595, 1948374823, '2024-07-16', 0),
(596, 1948374823, '2024-07-17', 0),
(597, 1948374823, '2024-07-18', 0),
(598, 1948374823, '2024-07-19', 0),
(599, 1948374823, '2024-07-20', 0),
(600, 1948374823, '2024-07-21', 0),
(601, 1948374823, '2024-07-22', 0),
(602, 1948374823, '2024-07-23', 0),
(603, 1948374823, '2024-07-24', 0),
(604, 1948374823, '2024-07-25', 0),
(605, 1948374823, '2024-07-26', 0),
(606, 1948374823, '2024-07-27', 0),
(607, 1948374823, '2024-07-28', 0),
(608, 1948374823, '2024-07-29', 0),
(609, 1948374823, '2024-07-30', 0),
(610, 1948374823, '2024-07-31', 0),
(611, 1948573029, '2024-07-02', 0),
(612, 1948573029, '2024-07-03', 0),
(613, 1948573029, '2024-07-04', 0),
(614, 1948573029, '2024-07-05', 0),
(615, 1948573029, '2024-07-06', 0),
(616, 1948573029, '2024-07-07', 0),
(617, 1948573029, '2024-07-08', 0),
(618, 1948573029, '2024-07-09', 0),
(619, 1948573029, '2024-07-10', 0),
(620, 1948573029, '2024-07-11', 0),
(621, 1948573029, '2024-07-12', 0),
(622, 1948573029, '2024-07-13', 0),
(623, 1948573029, '2024-07-14', 0),
(624, 1948573029, '2024-07-15', 0),
(625, 1948573029, '2024-07-16', 0),
(626, 1948573029, '2024-07-17', 0),
(627, 1948573029, '2024-07-18', 0),
(628, 1948573029, '2024-07-19', 0),
(629, 1948573029, '2024-07-20', 0),
(630, 1948573029, '2024-07-21', 0),
(631, 1948573029, '2024-07-22', 0),
(632, 1948573029, '2024-07-23', 0),
(633, 1948573029, '2024-07-24', 0),
(634, 1948573029, '2024-07-25', 0),
(635, 1948573029, '2024-07-26', 0),
(636, 1948573029, '2024-07-27', 0),
(637, 1948573029, '2024-07-28', 0),
(638, 1948573029, '2024-07-29', 0),
(639, 1948573029, '2024-07-30', 0),
(640, 1948573029, '2024-07-31', 0),
(670, 1039454493, '2024-06-02', 0),
(671, 1039454493, '2024-06-03', 8),
(672, 1039454493, '2024-06-04', 0),
(673, 1039454493, '2024-06-05', 0),
(674, 1039454493, '2024-06-06', 0),
(675, 1039454493, '2024-06-07', 0),
(676, 1039454493, '2024-06-08', 0),
(677, 1039454493, '2024-06-09', 0),
(678, 1039454493, '2024-06-10', 0),
(679, 1039454493, '2024-06-11', 0),
(680, 1039454493, '2024-06-12', 0),
(681, 1039454493, '2024-06-13', 0),
(682, 1039454493, '2024-06-14', 0),
(683, 1039454493, '2024-06-15', 0),
(684, 1039454493, '2024-06-16', 0),
(685, 1039454493, '2024-06-17', 0),
(686, 1039454493, '2024-06-18', 0),
(687, 1039454493, '2024-06-19', 0),
(688, 1039454493, '2024-06-20', 0),
(689, 1039454493, '2024-06-21', 0),
(690, 1039454493, '2024-06-22', 0),
(691, 1039454493, '2024-06-23', 0),
(692, 1039454493, '2024-06-24', 0),
(693, 1039454493, '2024-06-25', 0),
(694, 1039454493, '2024-06-26', 0),
(695, 1039454493, '2024-06-27', 0),
(696, 1039454493, '2024-06-28', 0),
(697, 1039454493, '2024-06-29', 0),
(698, 1039454493, '2024-06-30', 0),
(699, 1238495668, '2024-06-02', 0),
(700, 1238495668, '2024-06-03', 0),
(701, 1238495668, '2024-06-04', 0),
(702, 1238495668, '2024-06-05', 0),
(703, 1238495668, '2024-06-06', 0),
(704, 1238495668, '2024-06-07', 0),
(705, 1238495668, '2024-06-08', 0),
(706, 1238495668, '2024-06-09', 0),
(707, 1238495668, '2024-06-10', 0),
(708, 1238495668, '2024-06-11', 0),
(709, 1238495668, '2024-06-12', 0),
(710, 1238495668, '2024-06-13', 0),
(711, 1238495668, '2024-06-14', 0),
(712, 1238495668, '2024-06-15', 0),
(713, 1238495668, '2024-06-16', 0),
(714, 1238495668, '2024-06-17', 0),
(715, 1238495668, '2024-06-18', 0),
(716, 1238495668, '2024-06-19', 0),
(717, 1238495668, '2024-06-20', 0),
(718, 1238495668, '2024-06-21', 0),
(719, 1238495668, '2024-06-22', 0),
(720, 1238495668, '2024-06-23', 0),
(721, 1238495668, '2024-06-24', 0),
(722, 1238495668, '2024-06-25', 0),
(723, 1238495668, '2024-06-26', 0),
(724, 1238495668, '2024-06-27', 0),
(725, 1238495668, '2024-06-28', 0),
(726, 1238495668, '2024-06-29', 0),
(727, 1238495668, '2024-06-30', 0),
(728, 1243323445, '2024-06-02', 0),
(729, 1243323445, '2024-06-03', 0),
(730, 1243323445, '2024-06-04', 0),
(731, 1243323445, '2024-06-05', 0),
(732, 1243323445, '2024-06-06', 0),
(733, 1243323445, '2024-06-07', 0),
(734, 1243323445, '2024-06-08', 0),
(735, 1243323445, '2024-06-09', 0),
(736, 1243323445, '2024-06-10', 0),
(737, 1243323445, '2024-06-11', 0),
(738, 1243323445, '2024-06-12', 0),
(739, 1243323445, '2024-06-13', 0),
(740, 1243323445, '2024-06-14', 0),
(741, 1243323445, '2024-06-15', 0),
(742, 1243323445, '2024-06-16', 0),
(743, 1243323445, '2024-06-17', 0),
(744, 1243323445, '2024-06-18', 0),
(745, 1243323445, '2024-06-19', 0),
(746, 1243323445, '2024-06-20', 0),
(747, 1243323445, '2024-06-21', 0),
(748, 1243323445, '2024-06-22', 0),
(749, 1243323445, '2024-06-23', 0),
(750, 1243323445, '2024-06-24', 0),
(751, 1243323445, '2024-06-25', 0),
(752, 1243323445, '2024-06-26', 0),
(753, 1243323445, '2024-06-27', 0),
(754, 1243323445, '2024-06-28', 0),
(755, 1243323445, '2024-06-29', 0),
(756, 1243323445, '2024-06-30', 0),
(757, 1253849302, '2024-06-02', 0),
(758, 1253849302, '2024-06-03', 0),
(759, 1253849302, '2024-06-04', 0),
(760, 1253849302, '2024-06-05', 0),
(761, 1253849302, '2024-06-06', 0),
(762, 1253849302, '2024-06-07', 0),
(763, 1253849302, '2024-06-08', 0),
(764, 1253849302, '2024-06-09', 0),
(765, 1253849302, '2024-06-10', 0),
(766, 1253849302, '2024-06-11', 0),
(767, 1253849302, '2024-06-12', 0),
(768, 1253849302, '2024-06-13', 0),
(769, 1253849302, '2024-06-14', 0),
(770, 1253849302, '2024-06-15', 0),
(771, 1253849302, '2024-06-16', 0),
(772, 1253849302, '2024-06-17', 0),
(773, 1253849302, '2024-06-18', 0),
(774, 1253849302, '2024-06-19', 0),
(775, 1253849302, '2024-06-20', 0),
(776, 1253849302, '2024-06-21', 0),
(777, 1253849302, '2024-06-22', 0),
(778, 1253849302, '2024-06-23', 0),
(779, 1253849302, '2024-06-24', 0),
(780, 1253849302, '2024-06-25', 0),
(781, 1253849302, '2024-06-26', 0),
(782, 1253849302, '2024-06-27', 0),
(783, 1253849302, '2024-06-28', 0),
(784, 1253849302, '2024-06-29', 0),
(785, 1253849302, '2024-06-30', 0),
(786, 1263274382, '2024-06-02', 0),
(787, 1263274382, '2024-06-03', 0),
(788, 1263274382, '2024-06-04', 0),
(789, 1263274382, '2024-06-05', 0),
(790, 1263274382, '2024-06-06', 0),
(791, 1263274382, '2024-06-07', 0),
(792, 1263274382, '2024-06-08', 0),
(793, 1263274382, '2024-06-09', 0),
(794, 1263274382, '2024-06-10', 0),
(795, 1263274382, '2024-06-11', 0),
(796, 1263274382, '2024-06-12', 0),
(797, 1263274382, '2024-06-13', 0),
(798, 1263274382, '2024-06-14', 0),
(799, 1263274382, '2024-06-15', 0),
(800, 1263274382, '2024-06-16', 0),
(801, 1263274382, '2024-06-17', 0),
(802, 1263274382, '2024-06-18', 0),
(803, 1263274382, '2024-06-19', 0),
(804, 1263274382, '2024-06-20', 0),
(805, 1263274382, '2024-06-21', 0),
(806, 1263274382, '2024-06-22', 0),
(807, 1263274382, '2024-06-23', 0),
(808, 1263274382, '2024-06-24', 0),
(809, 1263274382, '2024-06-25', 0),
(810, 1263274382, '2024-06-26', 0),
(811, 1263274382, '2024-06-27', 0),
(812, 1263274382, '2024-06-28', 0),
(813, 1263274382, '2024-06-29', 0),
(814, 1263274382, '2024-06-30', 0),
(815, 1332938456, '2024-06-02', 0),
(816, 1332938456, '2024-06-03', 0),
(817, 1332938456, '2024-06-04', 0),
(818, 1332938456, '2024-06-05', 0),
(819, 1332938456, '2024-06-06', 0),
(820, 1332938456, '2024-06-07', 0),
(821, 1332938456, '2024-06-08', 0),
(822, 1332938456, '2024-06-09', 0),
(823, 1332938456, '2024-06-10', 0),
(824, 1332938456, '2024-06-11', 0),
(825, 1332938456, '2024-06-12', 0),
(826, 1332938456, '2024-06-13', 0),
(827, 1332938456, '2024-06-14', 0),
(828, 1332938456, '2024-06-15', 0),
(829, 1332938456, '2024-06-16', 0),
(830, 1332938456, '2024-06-17', 0),
(831, 1332938456, '2024-06-18', 0),
(832, 1332938456, '2024-06-19', 0),
(833, 1332938456, '2024-06-20', 0),
(834, 1332938456, '2024-06-21', 0),
(835, 1332938456, '2024-06-22', 0),
(836, 1332938456, '2024-06-23', 0),
(837, 1332938456, '2024-06-24', 0),
(838, 1332938456, '2024-06-25', 0),
(839, 1332938456, '2024-06-26', 0),
(840, 1332938456, '2024-06-27', 0),
(841, 1332938456, '2024-06-28', 0),
(842, 1332938456, '2024-06-29', 0),
(843, 1332938456, '2024-06-30', 0),
(844, 1345950123, '2024-06-02', 0),
(845, 1345950123, '2024-06-03', 0),
(846, 1345950123, '2024-06-04', 0),
(847, 1345950123, '2024-06-05', 0),
(848, 1345950123, '2024-06-06', 0),
(849, 1345950123, '2024-06-07', 0),
(850, 1345950123, '2024-06-08', 0),
(851, 1345950123, '2024-06-09', 0),
(852, 1345950123, '2024-06-10', 0),
(853, 1345950123, '2024-06-11', 0),
(854, 1345950123, '2024-06-12', 0),
(855, 1345950123, '2024-06-13', 0),
(856, 1345950123, '2024-06-14', 0),
(857, 1345950123, '2024-06-15', 0),
(858, 1345950123, '2024-06-16', 0),
(859, 1345950123, '2024-06-17', 0),
(860, 1345950123, '2024-06-18', 0),
(861, 1345950123, '2024-06-19', 0),
(862, 1345950123, '2024-06-20', 0),
(863, 1345950123, '2024-06-21', 0),
(864, 1345950123, '2024-06-22', 0),
(865, 1345950123, '2024-06-23', 0),
(866, 1345950123, '2024-06-24', 0),
(867, 1345950123, '2024-06-25', 0),
(868, 1345950123, '2024-06-26', 0),
(869, 1345950123, '2024-06-27', 0),
(870, 1345950123, '2024-06-28', 0),
(871, 1345950123, '2024-06-29', 0),
(872, 1345950123, '2024-06-30', 0),
(873, 1443948506, '2024-06-02', 0),
(874, 1443948506, '2024-06-03', 0),
(875, 1443948506, '2024-06-04', 0),
(876, 1443948506, '2024-06-05', 0),
(877, 1443948506, '2024-06-06', 0),
(878, 1443948506, '2024-06-07', 0),
(879, 1443948506, '2024-06-08', 0),
(880, 1443948506, '2024-06-09', 0),
(881, 1443948506, '2024-06-10', 0),
(882, 1443948506, '2024-06-11', 0),
(883, 1443948506, '2024-06-12', 0),
(884, 1443948506, '2024-06-13', 0),
(885, 1443948506, '2024-06-14', 0),
(886, 1443948506, '2024-06-15', 0),
(887, 1443948506, '2024-06-16', 0),
(888, 1443948506, '2024-06-17', 0),
(889, 1443948506, '2024-06-18', 0),
(890, 1443948506, '2024-06-19', 0),
(891, 1443948506, '2024-06-20', 0),
(892, 1443948506, '2024-06-21', 0),
(893, 1443948506, '2024-06-22', 0),
(894, 1443948506, '2024-06-23', 0),
(895, 1443948506, '2024-06-24', 0),
(896, 1443948506, '2024-06-25', 0),
(897, 1443948506, '2024-06-26', 0),
(898, 1443948506, '2024-06-27', 0),
(899, 1443948506, '2024-06-28', 0),
(900, 1443948506, '2024-06-29', 0),
(901, 1443948506, '2024-06-30', 0),
(902, 1483744952, '2024-06-02', 0),
(903, 1483744952, '2024-06-03', 0),
(904, 1483744952, '2024-06-04', 0),
(905, 1483744952, '2024-06-05', 0),
(906, 1483744952, '2024-06-06', 0),
(907, 1483744952, '2024-06-07', 0),
(908, 1483744952, '2024-06-08', 0),
(909, 1483744952, '2024-06-09', 0),
(910, 1483744952, '2024-06-10', 0),
(911, 1483744952, '2024-06-11', 0),
(912, 1483744952, '2024-06-12', 0),
(913, 1483744952, '2024-06-13', 0),
(914, 1483744952, '2024-06-14', 0),
(915, 1483744952, '2024-06-15', 0),
(916, 1483744952, '2024-06-16', 0),
(917, 1483744952, '2024-06-17', 0),
(918, 1483744952, '2024-06-18', 0),
(919, 1483744952, '2024-06-19', 0),
(920, 1483744952, '2024-06-20', 0),
(921, 1483744952, '2024-06-21', 0),
(922, 1483744952, '2024-06-22', 0),
(923, 1483744952, '2024-06-23', 0),
(924, 1483744952, '2024-06-24', 0),
(925, 1483744952, '2024-06-25', 0),
(926, 1483744952, '2024-06-26', 0),
(927, 1483744952, '2024-06-27', 0),
(928, 1483744952, '2024-06-28', 0),
(929, 1483744952, '2024-06-29', 0),
(930, 1483744952, '2024-06-30', 0),
(931, 1485948695, '2024-06-02', 0),
(932, 1485948695, '2024-06-03', 0),
(933, 1485948695, '2024-06-04', 0),
(934, 1485948695, '2024-06-05', 0),
(935, 1485948695, '2024-06-06', 0),
(936, 1485948695, '2024-06-07', 0),
(937, 1485948695, '2024-06-08', 0),
(938, 1485948695, '2024-06-09', 0),
(939, 1485948695, '2024-06-10', 0),
(940, 1485948695, '2024-06-11', 0),
(941, 1485948695, '2024-06-12', 0),
(942, 1485948695, '2024-06-13', 0),
(943, 1485948695, '2024-06-14', 0),
(944, 1485948695, '2024-06-15', 0),
(945, 1485948695, '2024-06-16', 0),
(946, 1485948695, '2024-06-17', 0),
(947, 1485948695, '2024-06-18', 0),
(948, 1485948695, '2024-06-19', 0),
(949, 1485948695, '2024-06-20', 0),
(950, 1485948695, '2024-06-21', 0),
(951, 1485948695, '2024-06-22', 0),
(952, 1485948695, '2024-06-23', 0),
(953, 1485948695, '2024-06-24', 0),
(954, 1485948695, '2024-06-25', 0),
(955, 1485948695, '2024-06-26', 0),
(956, 1485948695, '2024-06-27', 0),
(957, 1485948695, '2024-06-28', 0),
(958, 1485948695, '2024-06-29', 0),
(959, 1485948695, '2024-06-30', 0),
(960, 1748324943, '2024-06-02', 0),
(961, 1748324943, '2024-06-03', 0),
(962, 1748324943, '2024-06-04', 0),
(963, 1748324943, '2024-06-05', 0),
(964, 1748324943, '2024-06-06', 0),
(965, 1748324943, '2024-06-07', 0),
(966, 1748324943, '2024-06-08', 0),
(967, 1748324943, '2024-06-09', 0),
(968, 1748324943, '2024-06-10', 0),
(969, 1748324943, '2024-06-11', 0),
(970, 1748324943, '2024-06-12', 0),
(971, 1748324943, '2024-06-13', 0),
(972, 1748324943, '2024-06-14', 0),
(973, 1748324943, '2024-06-15', 0),
(974, 1748324943, '2024-06-16', 0),
(975, 1748324943, '2024-06-17', 0),
(976, 1748324943, '2024-06-18', 0),
(977, 1748324943, '2024-06-19', 0),
(978, 1748324943, '2024-06-20', 0),
(979, 1748324943, '2024-06-21', 0),
(980, 1748324943, '2024-06-22', 0),
(981, 1748324943, '2024-06-23', 0),
(982, 1748324943, '2024-06-24', 0),
(983, 1748324943, '2024-06-25', 0),
(984, 1748324943, '2024-06-26', 0),
(985, 1748324943, '2024-06-27', 0),
(986, 1748324943, '2024-06-28', 0),
(987, 1748324943, '2024-06-29', 0),
(988, 1748324943, '2024-06-30', 0),
(989, 1859453203, '2024-06-02', 0),
(990, 1859453203, '2024-06-03', 0),
(991, 1859453203, '2024-06-04', 0),
(992, 1859453203, '2024-06-05', 0),
(993, 1859453203, '2024-06-06', 0),
(994, 1859453203, '2024-06-07', 0),
(995, 1859453203, '2024-06-08', 0),
(996, 1859453203, '2024-06-09', 0),
(997, 1859453203, '2024-06-10', 0),
(998, 1859453203, '2024-06-11', 0),
(999, 1859453203, '2024-06-12', 0),
(1000, 1859453203, '2024-06-13', 0),
(1001, 1859453203, '2024-06-14', 0),
(1002, 1859453203, '2024-06-15', 0),
(1003, 1859453203, '2024-06-16', 0),
(1004, 1859453203, '2024-06-17', 0),
(1005, 1859453203, '2024-06-18', 0),
(1006, 1859453203, '2024-06-19', 0),
(1007, 1859453203, '2024-06-20', 0),
(1008, 1859453203, '2024-06-21', 0),
(1009, 1859453203, '2024-06-22', 0),
(1010, 1859453203, '2024-06-23', 0),
(1011, 1859453203, '2024-06-24', 0),
(1012, 1859453203, '2024-06-25', 0),
(1013, 1859453203, '2024-06-26', 0),
(1014, 1859453203, '2024-06-27', 0),
(1015, 1859453203, '2024-06-28', 0),
(1016, 1859453203, '2024-06-29', 0),
(1017, 1859453203, '2024-06-30', 0),
(1018, 1920231931, '2024-06-02', 0),
(1019, 1920231931, '2024-06-03', 0),
(1020, 1920231931, '2024-06-04', 0),
(1021, 1920231931, '2024-06-05', 0),
(1022, 1920231931, '2024-06-06', 0),
(1023, 1920231931, '2024-06-07', 0),
(1024, 1920231931, '2024-06-08', 0),
(1025, 1920231931, '2024-06-09', 0),
(1026, 1920231931, '2024-06-10', 0),
(1027, 1920231931, '2024-06-11', 0),
(1028, 1920231931, '2024-06-12', 0),
(1029, 1920231931, '2024-06-13', 0),
(1030, 1920231931, '2024-06-14', 0),
(1031, 1920231931, '2024-06-15', 0),
(1032, 1920231931, '2024-06-16', 0),
(1033, 1920231931, '2024-06-17', 0),
(1034, 1920231931, '2024-06-18', 0),
(1035, 1920231931, '2024-06-19', 0),
(1036, 1920231931, '2024-06-20', 0),
(1037, 1920231931, '2024-06-21', 0),
(1038, 1920231931, '2024-06-22', 0),
(1039, 1920231931, '2024-06-23', 0),
(1040, 1920231931, '2024-06-24', 0),
(1041, 1920231931, '2024-06-25', 0),
(1042, 1920231931, '2024-06-26', 0),
(1043, 1920231931, '2024-06-27', 0),
(1044, 1920231931, '2024-06-28', 0),
(1045, 1920231931, '2024-06-29', 0),
(1046, 1920231931, '2024-06-30', 0),
(1047, 1933594834, '2024-06-02', 0),
(1048, 1933594834, '2024-06-03', 0),
(1049, 1933594834, '2024-06-04', 0),
(1050, 1933594834, '2024-06-05', 0),
(1051, 1933594834, '2024-06-06', 0),
(1052, 1933594834, '2024-06-07', 0),
(1053, 1933594834, '2024-06-08', 0),
(1054, 1933594834, '2024-06-09', 0),
(1055, 1933594834, '2024-06-10', 0),
(1056, 1933594834, '2024-06-11', 0),
(1057, 1933594834, '2024-06-12', 0),
(1058, 1933594834, '2024-06-13', 0),
(1059, 1933594834, '2024-06-14', 0),
(1060, 1933594834, '2024-06-15', 0),
(1061, 1933594834, '2024-06-16', 0),
(1062, 1933594834, '2024-06-17', 0),
(1063, 1933594834, '2024-06-18', 0),
(1064, 1933594834, '2024-06-19', 0),
(1065, 1933594834, '2024-06-20', 0),
(1066, 1933594834, '2024-06-21', 0),
(1067, 1933594834, '2024-06-22', 0),
(1068, 1933594834, '2024-06-23', 0),
(1069, 1933594834, '2024-06-24', 0),
(1070, 1933594834, '2024-06-25', 0),
(1071, 1933594834, '2024-06-26', 0),
(1072, 1933594834, '2024-06-27', 0),
(1073, 1933594834, '2024-06-28', 0),
(1074, 1933594834, '2024-06-29', 0),
(1075, 1933594834, '2024-06-30', 0),
(1076, 1937485732, '2024-06-02', 0),
(1077, 1937485732, '2024-06-03', 0),
(1078, 1937485732, '2024-06-04', 0),
(1079, 1937485732, '2024-06-05', 0),
(1080, 1937485732, '2024-06-06', 0),
(1081, 1937485732, '2024-06-07', 0),
(1082, 1937485732, '2024-06-08', 0),
(1083, 1937485732, '2024-06-09', 0),
(1084, 1937485732, '2024-06-10', 0),
(1085, 1937485732, '2024-06-11', 0),
(1086, 1937485732, '2024-06-12', 0),
(1087, 1937485732, '2024-06-13', 0),
(1088, 1937485732, '2024-06-14', 0),
(1089, 1937485732, '2024-06-15', 0),
(1090, 1937485732, '2024-06-16', 0),
(1091, 1937485732, '2024-06-17', 0),
(1092, 1937485732, '2024-06-18', 0),
(1093, 1937485732, '2024-06-19', 0),
(1094, 1937485732, '2024-06-20', 0),
(1095, 1937485732, '2024-06-21', 0),
(1096, 1937485732, '2024-06-22', 0),
(1097, 1937485732, '2024-06-23', 0),
(1098, 1937485732, '2024-06-24', 0),
(1099, 1937485732, '2024-06-25', 0),
(1100, 1937485732, '2024-06-26', 0),
(1101, 1937485732, '2024-06-27', 0),
(1102, 1937485732, '2024-06-28', 0),
(1103, 1937485732, '2024-06-29', 0),
(1104, 1937485732, '2024-06-30', 0),
(1105, 1938475932, '2024-06-02', 0),
(1106, 1938475932, '2024-06-03', 0),
(1107, 1938475932, '2024-06-04', 0),
(1108, 1938475932, '2024-06-05', 0),
(1109, 1938475932, '2024-06-06', 0),
(1110, 1938475932, '2024-06-07', 0),
(1111, 1938475932, '2024-06-08', 0),
(1112, 1938475932, '2024-06-09', 0),
(1113, 1938475932, '2024-06-10', 0),
(1114, 1938475932, '2024-06-11', 0),
(1115, 1938475932, '2024-06-12', 0),
(1116, 1938475932, '2024-06-13', 0),
(1117, 1938475932, '2024-06-14', 0),
(1118, 1938475932, '2024-06-15', 0),
(1119, 1938475932, '2024-06-16', 0),
(1120, 1938475932, '2024-06-17', 0),
(1121, 1938475932, '2024-06-18', 0),
(1122, 1938475932, '2024-06-19', 0),
(1123, 1938475932, '2024-06-20', 0),
(1124, 1938475932, '2024-06-21', 0),
(1125, 1938475932, '2024-06-22', 0),
(1126, 1938475932, '2024-06-23', 0),
(1127, 1938475932, '2024-06-24', 0),
(1128, 1938475932, '2024-06-25', 0),
(1129, 1938475932, '2024-06-26', 0),
(1130, 1938475932, '2024-06-27', 0),
(1131, 1938475932, '2024-06-28', 0),
(1132, 1938475932, '2024-06-29', 0),
(1133, 1938475932, '2024-06-30', 0),
(1134, 1947583933, '2024-06-02', 0),
(1135, 1947583933, '2024-06-03', 0),
(1136, 1947583933, '2024-06-04', 0),
(1137, 1947583933, '2024-06-05', 0),
(1138, 1947583933, '2024-06-06', 0),
(1139, 1947583933, '2024-06-07', 0),
(1140, 1947583933, '2024-06-08', 0),
(1141, 1947583933, '2024-06-09', 0),
(1142, 1947583933, '2024-06-10', 0),
(1143, 1947583933, '2024-06-11', 0),
(1144, 1947583933, '2024-06-12', 0),
(1145, 1947583933, '2024-06-13', 0),
(1146, 1947583933, '2024-06-14', 0),
(1147, 1947583933, '2024-06-15', 0),
(1148, 1947583933, '2024-06-16', 0),
(1149, 1947583933, '2024-06-17', 0),
(1150, 1947583933, '2024-06-18', 0),
(1151, 1947583933, '2024-06-19', 0),
(1152, 1947583933, '2024-06-20', 0),
(1153, 1947583933, '2024-06-21', 0),
(1154, 1947583933, '2024-06-22', 0),
(1155, 1947583933, '2024-06-23', 0),
(1156, 1947583933, '2024-06-24', 0),
(1157, 1947583933, '2024-06-25', 0),
(1158, 1947583933, '2024-06-26', 0),
(1159, 1947583933, '2024-06-27', 0),
(1160, 1947583933, '2024-06-28', 0),
(1161, 1947583933, '2024-06-29', 0),
(1162, 1947583933, '2024-06-30', 0),
(1163, 1948374823, '2024-06-02', 0),
(1164, 1948374823, '2024-06-03', 0),
(1165, 1948374823, '2024-06-04', 0),
(1166, 1948374823, '2024-06-05', 0),
(1167, 1948374823, '2024-06-06', 0),
(1168, 1948374823, '2024-06-07', 0),
(1169, 1948374823, '2024-06-08', 0),
(1170, 1948374823, '2024-06-09', 0),
(1171, 1948374823, '2024-06-10', 0),
(1172, 1948374823, '2024-06-11', 0),
(1173, 1948374823, '2024-06-12', 0),
(1174, 1948374823, '2024-06-13', 0),
(1175, 1948374823, '2024-06-14', 0),
(1176, 1948374823, '2024-06-15', 0),
(1177, 1948374823, '2024-06-16', 0),
(1178, 1948374823, '2024-06-17', 0),
(1179, 1948374823, '2024-06-18', 0),
(1180, 1948374823, '2024-06-19', 0),
(1181, 1948374823, '2024-06-20', 0),
(1182, 1948374823, '2024-06-21', 0),
(1183, 1948374823, '2024-06-22', 0),
(1184, 1948374823, '2024-06-23', 0),
(1185, 1948374823, '2024-06-24', 0),
(1186, 1948374823, '2024-06-25', 0),
(1187, 1948374823, '2024-06-26', 0),
(1188, 1948374823, '2024-06-27', 0),
(1189, 1948374823, '2024-06-28', 0),
(1190, 1948374823, '2024-06-29', 0),
(1191, 1948374823, '2024-06-30', 0),
(1192, 1948573029, '2024-06-02', 0),
(1193, 1948573029, '2024-06-03', 0),
(1194, 1948573029, '2024-06-04', 0),
(1195, 1948573029, '2024-06-05', 0),
(1196, 1948573029, '2024-06-06', 0),
(1197, 1948573029, '2024-06-07', 0),
(1198, 1948573029, '2024-06-08', 0),
(1199, 1948573029, '2024-06-09', 0),
(1200, 1948573029, '2024-06-10', 0),
(1201, 1948573029, '2024-06-11', 0),
(1202, 1948573029, '2024-06-12', 0),
(1203, 1948573029, '2024-06-13', 0),
(1204, 1948573029, '2024-06-14', 0),
(1205, 1948573029, '2024-06-15', 0),
(1206, 1948573029, '2024-06-16', 0),
(1207, 1948573029, '2024-06-17', 0),
(1208, 1948573029, '2024-06-18', 0),
(1209, 1948573029, '2024-06-19', 0),
(1210, 1948573029, '2024-06-20', 0),
(1211, 1948573029, '2024-06-21', 0),
(1212, 1948573029, '2024-06-22', 0),
(1213, 1948573029, '2024-06-23', 0),
(1214, 1948573029, '2024-06-24', 0),
(1215, 1948573029, '2024-06-25', 0),
(1216, 1948573029, '2024-06-26', 0),
(1217, 1948573029, '2024-06-27', 0),
(1218, 1948573029, '2024-06-28', 0),
(1219, 1948573029, '2024-06-29', 0),
(1220, 1948573029, '2024-06-30', 0);

-- --------------------------------------------------------

--
-- Cấu trúc bảng cho bảng `thong_tin_nhan_vien`
--

CREATE TABLE `thong_tin_nhan_vien` (
  `ID` int(11) NOT NULL,
  `HoTen` varchar(50) NOT NULL,
  `DiaChi` varchar(50) NOT NULL,
  `SDT` int(10) NOT NULL,
  `ChucVu` varchar(20) NOT NULL,
  `namSinh` date NOT NULL
) ENGINE=InnoDB DEFAULT CHARSET=utf8 COLLATE=utf8_unicode_ci;

--
-- Đang đổ dữ liệu cho bảng `thong_tin_nhan_vien`
--

INSERT INTO `thong_tin_nhan_vien` (`ID`, `HoTen`, `DiaChi`, `SDT`, `ChucVu`, `namSinh`) VALUES
(1039454493, 'Đỗ Tuấn Phong', 'Số 33, Đường Đống Đa, Phường Tân Thịnh', 473928342, 'Nhân viên', '1990-05-15'),
(1238495668, 'Lê Tuấn Kiệt', 'Số 48, Đường Phúc Lộc, Phường Quang Trung', 443586493, 'Nhân viên', '1985-08-22'),
(1243323445, 'Lều Ngọc An', 'Số 5, Đường Trần Phú, Phường Quang Trung', 987463748, 'Nhân viên', '1992-11-12'),
(1253849302, 'Dương Tất Thành', 'Số 3, Đường Quang Trung, Phường Phan Đình Phùng', 958473823, 'Nhân viên', '1988-07-19'),
(1263274382, 'Phạm Việt Anh', 'Số 8, Đường Nguyễn Lương Bằng, Phường Tân Thịnh', 234338452, 'Nhân viên', '1991-03-08'),
(1332938456, 'Đặng Tiến Thắng', 'Số 25, Đường Hùng Vương, Phường Phan Đình Phùng', 968574854, 'Nhân viên', '1986-12-03'),
(1345950123, 'Vũ Đức Anh', 'Số 72, Đường Yết Kiêu, Phường Tân Thành', 668342192, 'Nhân viên', '1987-01-25'),
(1443948506, 'Nguyễn Tuấn Hải', 'Số 12, Đường Lương Ngọc Quyến, Phường Tân Lập', 238594856, 'Nhân viên', '1990-04-18'),
(1483744952, 'Dương Minh Trung', 'Số 27, Đường Bắc Hà, Phường Quang Vinh', 987443282, 'Nhân viên', '1993-09-30'),
(1485948695, 'Trần Tuấn Minh', 'Số 14, Đường Trần Phú, Phường Phan Đình Phùng', 759345231, 'Nhân viên', '1989-06-14'),
(1748324943, 'Lê Minh Tuấn', 'Số 56, Đường Trần Đại Nghĩa, Phường Tân Lập', 584392354, 'Nhân viên', '1984-02-22'),
(1859453203, 'Lê Tiến Tâm', 'Số 39, Đường Hùng Vương, Phường Quang Trung', 211238359, 'Nhân viên', '1994-08-10'),
(1920231931, 'Nguyễn Minh Quyền', 'Số 41, Đường Trần Đại Nghĩa, Phường Tân Thành', 584734824, 'Nhân viên', '1985-11-25'),
(1933594834, 'Trần Phương Tuấn', 'Số 13, Đường Bắc Hà, Phường Tân Lập', 757483745, 'Nhân viên', '1991-05-06'),
(1937485732, 'Ngô Quang Vinh', 'Số 62, Đường Võ Thị Sáu, Phường Tân Lập', 958473821, 'Nhân viên', '1987-03-27'),
(1938475932, 'Lê Minh Quân', 'Số 9, Đường Hà Huy Tập, Phường Quang Trung', 584937234, 'Nhân viên', '1990-07-17'),
(1947583933, 'Lê Cao Thắng', 'Số 21, Đường Lý Thái Tổ, Phường Tân Thành', 658594323, 'Nhân viên', '1988-10-09'),
(1948374823, 'Nguyễn Minh Nghĩa', 'Số 7, Đường Trịnh Văn Cấn, Phường Quang Vinh', 796837575, 'Nhân viên', '1992-01-11'),
(1948573029, 'Trần Xuân Toản', 'Số 17, Đường Hồ Chí Minh, Phường Quang Vinh', 859843921, 'Nhân viên', '1986-04-02');

-- --------------------------------------------------------

--
-- Cấu trúc bảng cho bảng `tk_dangnhap`
--

CREATE TABLE `tk_dangnhap` (
  `id` int(11) NOT NULL,
  `username` varchar(50) NOT NULL,
  `password` varchar(50) NOT NULL,
  `user_type` enum('admin','user') NOT NULL DEFAULT 'user'
) ENGINE=InnoDB DEFAULT CHARSET=utf8 COLLATE=utf8_unicode_ci;

--
-- Đang đổ dữ liệu cho bảng `tk_dangnhap`
--

INSERT INTO `tk_dangnhap` (`id`, `username`, `password`, `user_type`) VALUES
(1, 'admin', 'a', 'admin'),
(2, 'user', 'a', 'user'),
(3, 'a', 'a', 'user');

--
-- Chỉ mục cho các bảng đã đổ
--

--
-- Chỉ mục cho bảng `chamcong`
--
ALTER TABLE `chamcong`
  ADD PRIMARY KEY (`id`),
  ADD KEY `fk_nhanvien` (`id_nhanvien`);

--
-- Chỉ mục cho bảng `thong_tin_nhan_vien`
--
ALTER TABLE `thong_tin_nhan_vien`
  ADD PRIMARY KEY (`ID`);

--
-- Chỉ mục cho bảng `tk_dangnhap`
--
ALTER TABLE `tk_dangnhap`
  ADD PRIMARY KEY (`id`),
  ADD UNIQUE KEY `username` (`username`);

--
-- AUTO_INCREMENT cho các bảng đã đổ
--

--
-- AUTO_INCREMENT cho bảng `chamcong`
--
ALTER TABLE `chamcong`
  MODIFY `id` int(50) NOT NULL AUTO_INCREMENT, AUTO_INCREMENT=1253;

--
-- AUTO_INCREMENT cho bảng `thong_tin_nhan_vien`
--
ALTER TABLE `thong_tin_nhan_vien`
  MODIFY `ID` int(11) NOT NULL AUTO_INCREMENT, AUTO_INCREMENT=1948573030;

--
-- AUTO_INCREMENT cho bảng `tk_dangnhap`
--
ALTER TABLE `tk_dangnhap`
  MODIFY `id` int(11) NOT NULL AUTO_INCREMENT, AUTO_INCREMENT=4;

--
-- Các ràng buộc cho các bảng đã đổ
--

--
-- Các ràng buộc cho bảng `chamcong`
--
ALTER TABLE `chamcong`
  ADD CONSTRAINT `fk_nhanvien` FOREIGN KEY (`id_nhanvien`) REFERENCES `thong_tin_nhan_vien` (`ID`) ON DELETE CASCADE;
COMMIT;

/*!40101 SET CHARACTER_SET_CLIENT=@OLD_CHARACTER_SET_CLIENT */;
/*!40101 SET CHARACTER_SET_RESULTS=@OLD_CHARACTER_SET_RESULTS */;
/*!40101 SET COLLATION_CONNECTION=@OLD_COLLATION_CONNECTION */;
